,program_name,program_url
0,Hack for Men's health,/programs/teasers/FC5PB7qtMpJvLxM3cWrCSDQG
1,Zilliqa,/zilliqa
2,Octopus,/octopus-og
3,Cloudinary,/cloudinary
4,Accellion Kiteworks Public Program,/accellion-public
5,Skyscanner,/skyscanner
6,RealSelf,/realself
7,Binance,/binance
8,Arkose Labs,/arkose-labs
9,Okta,/okta
10,Keeper Security Public Bounty Program,/keepersecurity
11,Twilio,/twilio
12,Jumbo Privacy,/jumboprivacy
13,Canva,/canva
14,A Patient Engagement Platform,/programs/teasers/dKJhahhbBJQ7FLqLXeAJGMY8
15,BugPoC,/bugpoc-mbb
16,Blend,/blend-vdp
17,"A design application for MacOS is looking to secure its assets - help out and receive rewards of up to $2,500!",/programs/teasers/fvxaHLDQ25Znja789ma8Jq5Z
18,NeoPhotonics,/neophotonics
19,eero,/eero
20,Fiat Chrysler Automobiles,/fca
21,Personal Capital,/personalcapital
22,Block.one Smart Contracts,/programs/teasers/pcShhVx4Tun9KcY3BE4Ncz9t
23, Comcast Xfinity Vulnerability Disclosure Program,/comcastvdp
24,WestJet's Vulnerability Disclosure Program,/westjet-disclose
25,Sophos,/sophos
26,iRobot,/irobot
27,Leading digital transaction provider. New mobile targets introduced recently!,/programs/teasers/Jpzfw2e8eSJaYSjdN9TGiK8d
28,Lime,/lime
29,Centrify,/centrify
30,FireEye Bug Bounty Program,/fireeye
31,"Web, iOS, Android, and More Available for Testing on Conferencing Product ",/programs/teasers/5HQsizg8sd5onSVUzSNPYyJm
32,Arlo Cash Rewards,/arlo
33,Bitdefender,/bitdefender
34,"Web, API, iOS and Android Applications in Ongoing Bounty Program",/programs/teasers/V8rjBFxupVP2t9xqommVvgXF
35,Cybrary,/cybrary
36,ExpressVPN,/expressvpn
37,Tesla,/tesla
38,Viator,/viator
39,Indeed,/indeed
40,An established Internet technology company needs your help to secure their broad web and API scope!,/programs/teasers/xCSA3BdWAtsFeuJ4oWhUaKWY
41,Customer Survey Application,/programs/teasers/ZeZo3gpD9wJGym8ugzCnoqiF
42,Upwork,/upwork
43,Credit Karma,/creditkarma
44,Web & API targets require testing for an exciting open banking Fintech company!,/programs/teasers/gMtzoZ1UiSCrZ22ZVoTkGopc
45,Mobile Network Monitoring at it's finest,/programs/teasers/UVoLcy2ragXwrS2ifYJq55oe
46,"Access Points, Controllers, and Gateway Products",/programs/teasers/JbEmSR2TS4dsh5buWePqFS5x
47,A Network Access Control Provider,/programs/teasers/7VFmYw1mboDRKHXJYUhWvrmc
48,Socrata,/socrata
49,A cloud-based translation platform needs your help to help secure their web and API targets!,/programs/teasers/B3ULt7tmegepSnmFbSdmbgHN
50,Cloudways,/cloudways
51,An established software company is looking for talented researchers to help secure their broad web and API scope!,/programs/teasers/poDPNv8MqE1t3GntC8zGMvSi
52,Safety First!,/programs/teasers/auGYMAudW3xRzkUm5mhBA9nh
53,Unilever Vulnerability Disclosure Program,/unilever-vdp
54,Leading Video Game Company,/programs/teasers/EHWE7jsa6MwXyLhJ7AsP4tPE
55,Be the Authority!,/programs/teasers/ihjPujsLBGznTPRDeRvLvYBL
56,3 Easy payments,/programs/teasers/PYG4BcYhkMm668So9ZdYxvFh
57,A payroll company is looking to the crowd to help maintain its security posture,/programs/teasers/jW2fWkt6rFnheo8PDCAd9d13
58,Customer Feedback Platform,/programs/teasers/pSbLHw5kitMU4As1DcAyDqeo
59,Web app testing for this privacy company's ongoing private bug bounty program.,/programs/teasers/LUeJM1LXfmsYNdorcJY3KmU2
60,Online Survey Software tool,/programs/teasers/opjaCTB6DU8FZphycw1jmB1L
61,TransferWise,/transferwise
62,An international IT and telecommunications company would like your help to secure their API and Web targets! Can you help them? ,/programs/teasers/D6ktyjtr1GH2DVT3dsLw37oL
63,"Automatic, Systematic",/programs/teasers/ptBb5dBZppXPxL5H4fqatAGb
64,Takeaway.com,/takeaway
65,Help secure mobile and web games,/programs/teasers/dhf4GrCCv5mpMr49dt25AUA3
66,Apps for an app,/programs/teasers/pCUGM1UfiSfRdMh6WaBrKGS4
67,Can you help an international bank secure their wide scope consisting of Web targets and API endpoints?,/programs/teasers/vMh3mTonKwL51WgVcNRVmWrc
68,Application to find help around the house.,/programs/teasers/KQaKCY3q8wCF7GQyNjybbbYx
69,Xfinity Home & xFi,/xfinity-home
70,Algorand,/algorand
71,Leading BioTech firm,/programs/teasers/mJuqBbrajVZMck72L2teD1Km
72,Private program for cloud-based news platform,/programs/teasers/qNtAFjB4wvSjrtXsEsase6VF
73,Cryptocurrency payment system,/programs/teasers/tSwYQmjuPaCBLG8Wh3uDtYgq
74,"A Cryptocurrency payment system needs your help to secure multiple web applications, APIs and mobile applications!",/programs/teasers/Rp7kgWq5z8pit9UstPQbSmg9
75,Vonage,/vonage
76,Boozt Fashion,/boozt-og
77,Leading Financial Services Provider,/programs/teasers/igr3eY3VKg5ndyjuWqUxQ9KP
78,BitDiscovery,/bitdiscovery
79,Click here to submit a support ticket!,/programs/teasers/dzLdTDyKibS7sbLurifaVrGk
80,Help secure an American healthcare provider’s API assets,/programs/teasers/5VqRm3tLw4kETHq95hGbwgJT
81,Private program for web data visualizer plug-ins,/programs/teasers/NqPBZv1FQntcnjGu2ejXfeZR
82,Gusto,/gusto
83,Ibotta,/ibotta
84,SDKs and APIs Oh My!,/programs/teasers/1Z21mCvj7Fkohij4GEv4L2mv
85,Bigbank,/bigbank
86,TripAdvisor ,/tripadvisor-vdp
87,MasterCard VDP,/mastercard-vdp
88,UK FinTech business banking mobile application,/programs/teasers/NrkF3VgMxU9gFeFEpysYzGc2
89,Naspers,/naspers
90,Investing Application looks to secure Local Businesses,/programs/teasers/gEtsxQJAY8i6QgorsUG4bhAt
91,Pinterest,/pinterest
92,Large rewards on an API heavy program!,/programs/teasers/xEV8fiDcRXC2ki7Kp9aBZGJ6
93,Atlassian,/atlassian
94,HealthifyMe's Vulnerability Disclosure Program,/healthifyme
95,SEEK ,/seek
96,Made in the USA,/programs/teasers/6dF5BFZpPHHTUJwzBY1PDJtb
97,Land of the Free,/programs/teasers/iDZhypDohatBc57iUufGC1MG
98,A Customer Experience Management Platform,/programs/teasers/5DevCUcovN6B4tcte4uSiYcK
99,You Need a Budget (YNAB),/ynab
100,Help secure an American healthcare provider’s web assets,/programs/teasers/vpoaHJiffxD1XYnnbKeMdwR2
101,"Acorns Grow, Inc.",/acorns
102,Better ,/better
103,Algorand,/algorand-vdp
104,Financial Services Firm,/programs/teasers/kumhTMRPifLRha3ttg8KZDwh
105,Leading Cybersecurity Solutions Provider,/programs/teasers/g55EBqXg4edagMyYHdWBRz3S
106,Leading Payment Services Provider,/programs/teasers/oxLzmeeFNYwSr1My7oHzye52
107,SoundCloud,/soundcloud
108,WP Engine,/wpengine
109,Let's go secure this private program!,/programs/teasers/wz2XjLbMbdSSVadU4sTkDAgJ
110,Mastercard (VDP Extension),/mastercard-vdp-ext
111,A leading web hosting provider,/programs/teasers/n17gKf24rZNDjs5MZPg2CvkQ
112,Financial Services Provider,/programs/teasers/2QPzmcExC5eNu2VF1K3BpWEw
113,Blue Jeans Network,/bluejeans
114,Test a unicorn in the airline ticketing and hotel booking industry!,/programs/teasers/vzeiF8HxunufJrbpNbdrma4g
115,StackPath,/stackpath
116,"No hardware, no problem! Route your submissions here!",/programs/teasers/85QHLUn4xVHNMXnm5RnTXi5i
117,Caffeine,/caffeine
118,Vulnerabilities on isle 5!,/programs/teasers/CmAFeA8hWbJsUE5S6RTMzAqZ
119,Dell Technologies,/dell
120,Redox,/redox
121,Help Secure an Anti-Crime FinTech Application,/programs/teasers/8KNfwfm3QXy4HeKXYvL6fRRq
122,Opsgenie,/opsgenie
123,Transactional email service made for developers,/programs/teasers/9ivBQDeA2CPxgjupJES2JyLa
124,Sprout Social,/sproutsocial
125,.,/programs/teasers/TLnfMNC1dwRLpUixkuToPb2B
126,Telefónica Germany,/telefonicavdp
127,Today I Learned...,/programs/teasers/vzN6J6WNBTcH8wKrNPy2qJNc
128,Zynga - Whitehat Points,/zynga-vdp
129,Operationalized Inspections Platform,/programs/teasers/YSbv7bW9maxXGL6m1dFrz4rw
130,Western Union Kudos ,/westernunion-kudos
131,A multinational telecommunications is looking for top talent to secure their huge attack surface!,/programs/teasers/xgNf1nzd9GUNzAkA37uPpsoe
132,Netflix,/netflix
133,"Help secure an American healthcare provider’s API, web and mobile assets",/programs/teasers/31HdyjMajAJgMkE5hUB7jC2h
134,"Exciting cloud-based iPad point of sale software company needs your help to secure their Web, API and mobile targets!",/programs/teasers/qBGsVZkQWfStg2RZq1qyFB4Z
135,Workplace Misconduct reporting tool,/programs/teasers/2tGFGG44931uCUuXxfNn1a1m
136,End to End Payment Solution,/programs/teasers/NN5Yd45gNJZdnVaEDPuqkmKH
137,Directly,/directly
138,Help make the cloud landscape more secure ,/programs/teasers/ZgTj3xvrZb2Mj7T796MJqMmz
139,Digital Asset Marketplace Looking for Testers,/programs/teasers/8ydDkusWMXCAqv4e4CBr2sgt
140,Professional Counselling Provider,/programs/teasers/dKZe19MnPivPJUoEgw3f5f4S
141,Customer Experience and Resource Planning Applications,/programs/teasers/igumKmiWyvnL3qBXJeaFevFF
142,The leader in transport fuels.,/programs/teasers/pinkJ5MeAb2fpEH1QkQA9uuS
143,Mailgun ,/mailgun
144,PlanetHoster,/planethosterinc
145,Mathematical software solutions provider,/programs/teasers/eQuhxoBoidGUJpQZgWisbrrk
146,USAA,/usaa
147,PureVPN,/purevpn
148,Trello,/trello
149,Educational tool used by students worldwide,/programs/teasers/YnMCWcQy4ay1meH5zS4KmQe4
150,Segment,/segment
151,Overstock's Vulnerability Disclosure Page!,/overstockvdp
152,Help secure an American healthcare provider’s web assets,/programs/teasers/bTgxyayqEaWS6hqUJLruvaT9
153,Arlo Kudos Rewards,/arlokudos
154,UNDER ARMOUR,/underarmour
155,Fleet Management Application ,/programs/teasers/XR31EGGTQjkxREVqi4RNwPXv
156,Moneytree KK,/moneytreekkog
157,Square Open Source,/squareopensource
158,A consumer device maker is looking for help securing its hardware/software assets,/programs/teasers/rp9tjj4WKMn1yTz5VRv46ssZ
159,Etsy,/etsy
160,Cisco Meraki,/ciscomeraki
161,GO-JEK,/gojek
162,Bitdefender Box v2,/bitdefenderbox2
163,SmartThings Vulnerability Disclosure,/smartthings
164,Optimizely,/optimizely
165,Square,/square
166,Fitbit,/fitbit
167,FinTech provider ,/programs/teasers/muoeF4Rpqf48kDvaANUyG3QQ
168,SAP Concur,/concur
169,Prescription Management Platform,/programs/teasers/NUxcwDvSVVYjULoeuoy1thjH
170,Do you like games?,/programs/teasers/CVP3tvjhbJZP4tQ4TCscBuaT
171,Sports and Gaming with Large Attack Surface,/programs/teasers/xyo5VQceR2kZ3ciNALTQeUKM
172,Information Security Company's Ongoing Program,/programs/teasers/qEcxjGndRoGtHNobumXqvbSJ
173,A Leading Learning Platform,/programs/teasers/qffLu4EbCbHbMpirYQMCGWut
174,NETGEAR Cash Rewards,/netgear
175,NETGEAR Kudos Rewards,/netgearkudos
176,Mobile Web Application in Healthcare,/programs/teasers/8jwMiFAD8rJsLDXHSbwShMv8
177, 1Password,/agilebits
178,Cloud Security Platform,/programs/teasers/gaCPhg1rSBNy9AeVKnmbi9Rv
179,Intercom,/intercom
180,Leading Travel Company,/programs/teasers/LLxRJ9BynmzRBJFGVbZTQKxa
181,Healthcare Messaging Application looking to be secured,/programs/teasers/hBgB5aVjTSuo7EMcLveQmwVi
182,Payment platform looking for bug hunters!,/programs/teasers/ZFU5tCmZVAJJc3W3y66eWdfb
183,Secure Healthcare Application,/programs/teasers/Wt5HsxiwVaYAiSe2RYt4QhFg
184,Splunk Enterprise,/programs/teasers/dJdv2FdCjveBAoLYhCm8hEPY
185,HubSpot Responsible Disclosure,/hubspot
186,InVision ,/invision
187,Online Form Builder,/programs/teasers/Z5Um4X5BE7FTXZTuVYjHEmgJ
188,LastPass,/lastpass
189,Stream on!,/programs/teasers/yam5XzDQYwY7uZfGnsLwbAyq
190,OWASP Java Encoder,/owaspjavaencoder
191,Help secure a shocking new eCommerce platform,/programs/teasers/BRTLEC2brLWovrqfpFoF7V3R
192,"Constant Contact, Inc.",/constantcontact
193,mastercard,/mastercard
194,OWASP CSRFGuard,/owaspcrsfguard
195,OWASP Java HTML Sanitizer,/owaspjavasanitizer
196,OWASP® ZAP,/owaspzap
197,An exciting software company with a broad and varied scope!,/programs/teasers/CdHnBeeCFBVPYc1U1iUocDaa
198,Kenna Security,/kennasecurity
199,SecureDrop,/freedomofpress
200,(ISC)²,/isc2
201,Western Union,/westernunion
202,FoxyCart,/foxycart
203,"Appliances - Barracuda Networks, Inc.",/barracuda
204,Humble Bundle,/humblebundle
205,Pantheon,/pantheon
206,Statuspage,/statuspage
207,WHMCS Client Management Portal,/whmcs
208,Hack Me!,/hackme
209,Bugcrowd,/bugcrowd
